list_name,label,name,district,upazila,union_name,ward
district_list,Patuakhali,78,,,,
district_list,Barisal,68,,,,
district_list,Barguna,04,,,,
upazila_list,Amtoli,0409,04,,,
upazila_list,Patuakhali Sadar,7895,78,,,
upazila_list,Galachipa,7857,78,,,
upazila_list,Rangabali,7897,78,,,
union_list,Madarbunia,789567,78,7895,,
union_list,Auliapur,789510,78,7895,,
union_list,Atharogachia,040923,04,0409,,
union_list,Gulishakhali,040963,04,0409,,
union_list,Kukua,040987,04,0409,,
union_list,Amkhola,785711,78,7857,,
union_list,Char Biswash,785737,78,7857,,
union_list,Char Kajol,785739,78,7857,,
union_list,Chiknikandi,785750,78,7857,,
union_list,Dakua,785755,78,7857,,
union_list,Gazalia,785769,78,7857,,
union_list,Golachipa Sadar,785767,78,7857,,
union_list,Panpatti,785778,78,7857,,
union_list,Chalitabunia,789732,78,7897,,
union_list,Char Montaj,789734,78,7897,,
union_list,Chotabaisdia,789744,78,7897,,
union_list,Rangabali,789783,78,7897,,
union_list,Baro Bighai,789531,78,7895,,
union_list,Choto Bigai,789513,78,7895,,
union_list,Jain Kathi,789527,78,7895,,
union_list,Kalikapur,789533,78,7895,,
union_list,Morich Bunia,789574,78,7895,,
ward_list,1,7895671,78,7895,789567,
ward_list,2,7895672,78,7895,789567,
ward_list,3,7895673,78,7895,789567,
ward_list,4,7895674,78,7895,789567,
ward_list,5,7895675,78,7895,789567,
ward_list,6,7895676,78,7895,789567,
ward_list,7,7895677,78,7895,789567,
ward_list,8,7895678,78,7895,789567,
ward_list,9,7895679,78,7895,789567,
ward_list,1,7895101,78,7895,789510,
ward_list,2,7895102,78,7895,789510,
ward_list,3,7895103,78,7895,789510,
ward_list,4,7895104,78,7895,789510,
ward_list,5,7895105,78,7895,789510,
ward_list,6,7895106,78,7895,789510,
ward_list,7,7895107,78,7895,789510,
ward_list,8,7895108,78,7895,789510,
ward_list,9,7895109,78,7895,789510,
ward_list,1,0409231,04,0409,040923,
ward_list,2,0409232,04,0409,040923,
ward_list,3,0409233,04,0409,040923,
ward_list,4,0409234,04,0409,040923,
ward_list,5,0409235,04,0409,040923,
ward_list,6,0409236,04,0409,040923,
ward_list,7,0409237,04,0409,040923,
ward_list,8,0409238,04,0409,040923,
ward_list,9,0409239,04,0409,040923,
ward_list,1,0409631,04,0409,040963,
ward_list,2,0409632,04,0409,040963,
ward_list,3,0409633,04,0409,040963,
ward_list,4,0409634,04,0409,040963,
ward_list,5,0409635,04,0409,040963,
ward_list,6,0409636,04,0409,040963,
ward_list,7,0409637,04,0409,040963,
ward_list,8,0409638,04,0409,040963,
ward_list,9,0409639,04,0409,040963,
ward_list,1,0409871,04,0409,040987,
ward_list,2,0409872,04,0409,040987,
ward_list,3,0409873,04,0409,040987,
ward_list,4,0409874,04,0409,040987,
ward_list,5,0409875,04,0409,040987,
ward_list,6,0409876,04,0409,040987,
ward_list,7,0409877,04,0409,040987,
ward_list,8,0409878,04,0409,040987,
ward_list,9,0409879,04,0409,040987,
ward_list,1,7857111,78,7857,785711,
ward_list,2,7857112,78,7857,785711,
ward_list,3,7857113,78,7857,785711,
ward_list,4,7857114,78,7857,785711,
ward_list,5,7857115,78,7857,785711,
ward_list,6,7857116,78,7857,785711,
ward_list,7,7857117,78,7857,785711,
ward_list,8,7857118,78,7857,785711,
ward_list,9,7857119,78,7857,785711,
ward_list,1,7857371,78,7857,785737,
ward_list,2,7857372,78,7857,785737,
ward_list,3,7857373,78,7857,785737,
ward_list,4,7857374,78,7857,785737,
ward_list,5,7857375,78,7857,785737,
ward_list,6,7857376,78,7857,785737,
ward_list,7,7857377,78,7857,785737,
ward_list,8,7857378,78,7857,785737,
ward_list,9,7857379,78,7857,785737,
ward_list,1,7857391,78,7857,785739,
ward_list,2,7857392,78,7857,785739,
ward_list,3,7857393,78,7857,785739,
ward_list,4,7857394,78,7857,785739,
ward_list,5,7857395,78,7857,785739,
ward_list,6,7857396,78,7857,785739,
ward_list,7,7857397,78,7857,785739,
ward_list,8,7857398,78,7857,785739,
ward_list,9,7857399,78,7857,785739,
ward_list,1,7857501,78,7857,785750,
ward_list,2,7857502,78,7857,785750,
ward_list,3,7857503,78,7857,785750,
ward_list,4,7857504,78,7857,785750,
ward_list,5,7857505,78,7857,785750,
ward_list,6,7857506,78,7857,785750,
ward_list,7,7857507,78,7857,785750,
ward_list,8,7857508,78,7857,785750,
ward_list,9,7857509,78,7857,785750,
ward_list,1,7857551,78,7857,785755,
ward_list,2,7857552,78,7857,785755,
ward_list,3,7857553,78,7857,785755,
ward_list,4,7857554,78,7857,785755,
ward_list,5,7857555,78,7857,785755,
ward_list,6,7857556,78,7857,785755,
ward_list,7,7857557,78,7857,785755,
ward_list,8,7857558,78,7857,785755,
ward_list,9,7857559,78,7857,785755,
ward_list,1,7857691,78,7857,785769,
ward_list,2,7857692,78,7857,785769,
ward_list,3,7857693,78,7857,785769,
ward_list,4,7857694,78,7857,785769,
ward_list,5,7857695,78,7857,785769,
ward_list,6,7857696,78,7857,785769,
ward_list,7,7857697,78,7857,785769,
ward_list,8,7857698,78,7857,785769,
ward_list,9,7857699,78,7857,785769,
ward_list,1,7857671,78,7857,785767,
ward_list,2,7857672,78,7857,785767,
ward_list,3,7857673,78,7857,785767,
ward_list,4,7857674,78,7857,785767,
ward_list,5,7857675,78,7857,785767,
ward_list,6,7857676,78,7857,785767,
ward_list,7,7857677,78,7857,785767,
ward_list,8,7857678,78,7857,785767,
ward_list,9,7857679,78,7857,785767,
ward_list,1,7857781,78,7857,785778,
ward_list,2,7857782,78,7857,785778,
ward_list,3,7857783,78,7857,785778,
ward_list,4,7857784,78,7857,785778,
ward_list,5,7857785,78,7857,785778,
ward_list,6,7857786,78,7857,785778,
ward_list,7,7857787,78,7857,785778,
ward_list,8,7857788,78,7857,785778,
ward_list,9,7857789,78,7857,785778,
ward_list,1,7897321,78,7897,789732,
ward_list,2,7897322,78,7897,789732,
ward_list,3,7897323,78,7897,789732,
ward_list,4,7897324,78,7897,789732,
ward_list,5,7897325,78,7897,789732,
ward_list,6,7897326,78,7897,789732,
ward_list,7,7897327,78,7897,789732,
ward_list,8,7897328,78,7897,789732,
ward_list,9,7897329,78,7897,789732,
ward_list,1,7897341,78,7897,789734,
ward_list,2,7897342,78,7897,789734,
ward_list,3,7897343,78,7897,789734,
ward_list,4,7897344,78,7897,789734,
ward_list,5,7897345,78,7897,789734,
ward_list,6,7897346,78,7897,789734,
ward_list,7,7897347,78,7897,789734,
ward_list,8,7897348,78,7897,789734,
ward_list,9,7897349,78,7897,789734,
ward_list,1,7897441,78,7897,789744,
ward_list,2,7897442,78,7897,789744,
ward_list,3,7897443,78,7897,789744,
ward_list,4,7897444,78,7897,789744,
ward_list,5,7897445,78,7897,789744,
ward_list,6,7897446,78,7897,789744,
ward_list,7,7897447,78,7897,789744,
ward_list,8,7897448,78,7897,789744,
ward_list,9,7897449,78,7897,789744,
ward_list,1,7897831,78,7897,789783,
ward_list,2,7897832,78,7897,789783,
ward_list,3,7897833,78,7897,789783,
ward_list,4,7897834,78,7897,789783,
ward_list,5,7897835,78,7897,789783,
ward_list,6,7897836,78,7897,789783,
ward_list,7,7897837,78,7897,789783,
ward_list,8,7897838,78,7897,789783,
ward_list,9,7897839,78,7897,789783,
ward_list,1,7895311,78,7895,789531,
ward_list,2,7895312,78,7895,789531,
ward_list,3,7895313,78,7895,789531,
ward_list,4,7895314,78,7895,789531,
ward_list,5,7895315,78,7895,789531,
ward_list,6,7895316,78,7895,789531,
ward_list,7,7895317,78,7895,789531,
ward_list,8,7895318,78,7895,789531,
ward_list,9,7895319,78,7895,789531,
ward_list,1,7895131,78,7895,789513,
ward_list,2,7895132,78,7895,789513,
ward_list,3,7895133,78,7895,789513,
ward_list,4,7895134,78,7895,789513,
ward_list,5,7895135,78,7895,789513,
ward_list,6,7895136,78,7895,789513,
ward_list,7,7895137,78,7895,789513,
ward_list,8,7895138,78,7895,789513,
ward_list,9,7895139,78,7895,789513,
ward_list,1,7895271,78,7895,789527,
ward_list,2,7895272,78,7895,789527,
ward_list,3,7895273,78,7895,789527,
ward_list,4,7895274,78,7895,789527,
ward_list,5,7895275,78,7895,789527,
ward_list,6,7895276,78,7895,789527,
ward_list,7,7895277,78,7895,789527,
ward_list,8,7895278,78,7895,789527,
ward_list,9,7895279,78,7895,789527,
ward_list,1,7895331,78,7895,789533,
ward_list,2,7895332,78,7895,789533,
ward_list,3,7895333,78,7895,789533,
ward_list,4,7895334,78,7895,789533,
ward_list,5,7895335,78,7895,789533,
ward_list,6,7895336,78,7895,789533,
ward_list,7,7895337,78,7895,789533,
ward_list,8,7895338,78,7895,789533,
ward_list,9,7895339,78,7895,789533,
ward_list,1,7895741,78,7895,789574,
ward_list,2,7895742,78,7895,789574,
ward_list,3,7895743,78,7895,789574,
ward_list,4,7895744,78,7895,789574,
ward_list,5,7895745,78,7895,789574,
ward_list,6,7895746,78,7895,789574,
ward_list,7,7895747,78,7895,789574,
ward_list,8,7895748,78,7895,789574,
ward_list,9,7895749,78,7895,789574,
village_list,Paschil Amkhola,785711308,78,7857,785711,7857113
village_list,Dakshin Pankhali,785750718,78,7857,785750,7857507
village_list,Uttar Chat Lata,789732411,78,7897,789732,7897324
village_list,Sakharia,040923101,04,0409,040923,0409231
village_list,Biswaserhat,789513215,78,7895,789513,7895132
village_list,Uttar Goalbunia,789732822,78,7897,789732,7897328
village_list,katakhali ,789513701,78,7895,789513,7895137
village_list,Moddho Char Agosti,785737720,78,7857,785737,7857377
village_list,Maddaj Tualati,785778620,78,7857,785778,7857786
village_list,Purbo Char Chandrailer,785769403,78,7857,785769,7857694
village_list,Uttar Hartokibaria,789513908,78,7895,789513,7895139
village_list,Charjainkathi,789527627,78,7895,789527,7895276
village_list,Uttar Char Chandrailer,785769506,78,7857,785769,7857695
village_list,Gudhighata,789744515,78,7897,789744,7897445
village_list,Dokhin Kalipura,040987620,04,0409,040987,0409876
village_list,Modho Ballabpur (Karajatola),789533111,78,7895,789533,7895331
village_list, Dokhin Titkata,789531918,78,7895,789531,7895319
village_list,Bailabunia,789734515,78,7897,789734,7897345
village_list,Maj Neta,789783721,78,7897,789783,7897837
village_list,Ghoserhat,789513806,78,7895,789513,7895138
village_list, Posurbunia,789531519,78,7895,789531,7895315
village_list, Badura,789510925,78,7895,789510,7895109
village_list,Uttar-Maddha Haridebpur,785769823,78,7857,785769,7857698
village_list,Char Ganga,789744823,78,7897,789744,7897448
village_list,Khalifar Char,789734206,78,7897,789734,7897342
village_list,Pachakoralia,789510206,78,7895,789510,7895102
village_list,Uttar Gulishkhali,040963101,04,0409,040963,0409631
village_list,Daskhin - Purbo Chiknikandi,785750111,78,7857,785750,7857501
village_list,Panchim  Barobaghai,789531206,78,7895,789531,7895312
village_list,Kesobpur ,789527313,78,7895,789527,7895273
village_list,Purbo Charjainkathi,789527626,78,7895,789527,7895276
village_list,Khorda Moderbunia,789567703,78,7895,789567,7895677
village_list,Asrayan Prokalpo,785778517,78,7857,785778,7857785
village_list,Uttat Gazalia,785769214,78,7857,785769,7857692
village_list,Charkanda,789574926,78,7895,789574,7895749
village_list,Dokhin Porchim baghai,789531412,78,7895,789531,7895314
village_list,Modho Sonakhali,040923616,04,0409,040923,0409236
village_list,Pirtala ,789527120,78,7895,789527,7895271
village_list,Daskhin-Psachim Bhangra,785711720,78,7857,785711,7857117
village_list,Purbo-Paschim Per Dakua,785755103,78,7857,785755,7857551
village_list,Uttar Boalia,785767814,78,7857,785767,7857678
village_list,Moddho Uttar Char Biswas-4,785737411,78,7857,785737,7857374
village_list,Dakhin Tafalbaria,789574308,78,7895,789574,7895743
village_list,Paschim Dhakkin Char Biswas,785737515,78,7857,785737,7857375
village_list, Choto Auliapur,789510519,78,7895,789510,7895105
village_list,Tularam,785778707,78,7857,785778,7857787
village_list,Panchim Atharogachia,040923307,04,0409,040923,0409233
village_list,Kalaraja,785750907,78,7857,785750,7857509
village_list,Modho Bahalgasia,789533609,78,7895,789533,7895336
village_list,Uttar Maragangi,789732618,78,7897,789732,7897326
village_list,Uttar Kalipura,040987619,04,0409,040987,0409876
village_list,Uttar Balaikathi,789510714,78,7895,789510,7895107
village_list,Paschim Dhakkin Char Biswas,785737618,78,7857,785737,7857376
village_list,Uttar Sonakhali,040923617,04,0409,040923,0409236
village_list,Uttar Banshbunia,785711514,78,7857,785711,7857115
village_list,Algi ,040923411,04,0409,040923,0409234
village_list,Modda Chalitabunia,789732204,78,7897,789732,7897322
village_list,Modho Charjainkathi,789527625,78,7895,789527,7895276
village_list,Purbo Jainkathi ,789527706,78,7895,789527,7895277
village_list,Pokhiya,789531308,78,7895,789531,7895313
village_list,Saichabunia,789531411,78,7895,789531,7895314
village_list,Uttar Sutabaria,785750305,78,7857,785750,7857503
village_list,Passim Baherchar,789783103,78,7897,789783,7897831
village_list,Dokhin Bahalgasia (tengatola),789533607,78,7895,789533,7895336
village_list,Uttar Barunbaria,789574206,78,7895,789574,7895742
village_list,Daskin-Paschim kachua,785750626,78,7857,785750,7857506
village_list,Ramananda Biskani Bouria,785711823,78,7857,785711,7857118
village_list,Purbo-Uttar Geramarddan,785778413,78,7857,785778,7857784
village_list,Mathivanga,789513420,78,7895,789513,7895134
village_list, Tafalbaria Naptar Howla,785711822,78,7857,785711,7857118
village_list,ModhoGuabaria,789574103,78,7895,789574,7895741
village_list,Paschim Choto Sheba,785739616,78,7857,785739,7857396
village_list,Paschim Choto Kazol,785739412,78,7857,785739,7857394
village_list,Purbo Coto Bighai,789513804,78,7895,789513,7895138
village_list,Porbo Gainkhali,789744412,78,7897,789744,7897444
village_list,Vagirabat,789527212,78,7895,789527,7895272
village_list,Porbo Neta,789783822,78,7897,789783,7897838
village_list, Uttar Char Biswas-4,785737410,78,7857,785737,7857374
village_list,Gazipur Bazar,040923925,04,0409,040923,0409239
village_list,Chor Jainkathi,789527502,78,7895,789527,7895275
village_list,Porbo Kawkhali,789744204,78,7897,789744,7897442
village_list,Dokhin baghai,789531410,78,7895,789531,7895314
village_list,Pankhali,785750813,78,7857,785750,7857508
village_list,Char Mohiuddin,785737824,78,7857,785737,7857378
village_list,Dakshin-Purbo Char Chandrailer,785769402,78,7857,785769,7857694
village_list,Purbo Geramarddan,785778414,78,7857,785778,7857784
village_list,Purbo Bahir Gazalia,785769317,78,7857,785769,7857693
village_list,Uttar Tafalbaria,789574307,78,7895,789574,7895743
village_list,Kawkaitabak,785778201,78,7857,785778,7857782
village_list,Dakkhin Paschim Char Montaz,789734618,78,7897,789734,7897346
village_list,Barobaghai,789531204,78,7895,789531,7895312
village_list,Uttar Gupterhaola,785778925,78,7857,785778,7857789
village_list,Nijhowla,789783309,78,7897,789783,7897833
village_list,Paschim Uttar Char Biswas-1,785737103,78,7857,785737,7857371
village_list,Uttar Angulkata,040963404,04,0409,040963,0409634
village_list,Paschim Krishnapur,785755825,78,7857,785755,7857558
village_list,Purbo Baherchar,789783101,78,7897,789783,7897831
village_list,Purbo Uttar Char Biswas-1,785737101,78,7857,785737,7857371
village_list,Paschim Baro Sheba,785739720,78,7857,785739,7857397
village_list,Senerhowla,785778709,78,7857,785778,7857787
village_list,Bazarkhali,040963608,04,0409,040963,0409636
village_list,Purbo Pankhali,785750716,78,7857,785750,7857507
village_list,Debpur,040963713,04,0409,040963,0409637
village_list,Corkhali,040987506,04,0409,040987,0409875
village_list,Dokhin Birajala,789567426,78,7895,789567,7895674
village_list,Maddha Pankhali,785750717,78,7857,785750,7857507
village_list,Panchim Auliapur,789510204,78,7895,789510,7895102
village_list,Dokhin kawabunia,040987112,04,0409,040987,0409871
village_list,Purbo Ratneshwar,785778305,78,7857,785778,7857783
village_list,Char Montaz,789734410,78,7897,789734,7897344
village_list,Londa,785767918,78,7857,785767,7857679
village_list,Moddho Paschim Char Montaz,789734617,78,7897,789734,7897346
village_list,Gangipara,789783514,78,7897,789783,7897835
village_list, Haridebpur,785769925,78,7857,785769,7857699
village_list,Purbo Auliapur,789510410,78,7895,789510,7895104
village_list,Paschim Ratandi,785767304,78,7857,785767,7857673
village_list,Paschim Bahir Gazalia,785769318,78,7857,785769,7857693
village_list,Purbo Sakharia,040923206,04,0409,040923,0409232
village_list,Dakshin Boalia,785767917,78,7857,785767,7857679
village_list,Chotabaisdia,789744101,78,7897,789744,7897441
village_list,Maddah Bibirhaola,785778927,78,7857,785778,7857789
village_list,Passim Kazirhowla,789783206,78,7897,789783,7897832
village_list,Uttar Shehakathi,789527817,78,7895,789527,7895278
village_list,Pokkhia,789567702,78,7895,789567,7895677
village_list,Paschim  kalikapur,785767119,78,7857,785767,7857671
village_list,Talbaria,789527119,78,7895,789527,7895271
village_list,Purba Coto Auliapur,789510521,78,7895,789510,7895105
village_list,Pashim Char Unda,789734925,78,7897,789734,7897349
village_list, Uttar Char Biswas-3,785737307,78,7857,785737,7857373
village_list,Purbo krishnagar ,040987908,04,0409,040987,0409879
village_list,Uttar Pakshia,785767627,78,7857,785767,7857676
village_list,Purbo Char Laxmi,789734103,78,7897,789734,7897341
village_list,Dhakkin Baro Char Kazol,785739102,78,7857,785739,7857391
village_list,Daskin- Purbo Ichiadi,785769609,78,7857,785769,7857696
village_list,Daskhin bazer kortkhali,785750522,78,7857,785750,7857505
village_list,Kasmir,789527315,78,7895,789527,7895273
village_list,Moddho Char Montaz,789734514,78,7897,789734,7897345
village_list,Uttar Panpatty,785778110,78,7857,785778,7857781
village_list,Uttor Kazirhowla,789783204,78,7897,789783,7897832
village_list,Uttar Coto Auliapur,789510520,78,7895,789510,7895105
village_list,Uttoripara,789783515,78,7897,789783,7897835
village_list,Rasulbaria,789783926,78,7897,789783,7897839
village_list,Nobogram,789744103,78,7897,789744,7897441
village_list,Dakshin Haridebpur,785769822,78,7857,785769,7857698
village_list,Kalerchar,789732412,78,7897,789732,7897324
village_list,Moddo Chatlakhali,789744925,78,7897,789744,7897449
village_list,Uttar Baro Char Kazol,785739101,78,7857,785739,7857391
village_list,Porchim Hetalia,789567427,78,7895,789567,7895674
village_list,Panchim Krishnagar,040987723,04,0409,040987,0409877
village_list,Porchim Sonakhali,040923823,04,0409,040923,0409238
village_list, Daskhin Kotkhali,785750524,78,7857,785750,7857505
village_list,Modho Sonakhali,040923720,04,0409,040923,0409237
village_list,Satiram,785778203,78,7857,785778,7857782
village_list,Passim Neta,789783720,78,7897,789783,7897837
village_list,Borunbaria ,789574101,78,7895,789574,7895741
village_list,Purbo Barobaghai,789531101,78,7895,789531,7895311
village_list,Bauria ,785711824,78,7857,785711,7857118
village_list,Purbo-Daskhin Pankhali,785750815,78,7857,785750,7857508
village_list,Modda Pardakua,785755101,78,7857,785755,7857551
village_list,Dokhin Bazarghona,789574822,78,7895,789574,7895748
village_list,Nijamol Purbo Purba Atkhali,785755722,78,7857,785755,7857557
village_list,Clubghat,040963322,04,0409,040963,0409633
village_list,Chaknikanda Morichbunia,789574410,78,7895,789574,7895744
village_list,Daskhin Dakua,785755512,78,7857,785755,7857555
village_list,Purbo Choto Sheba,785739617,78,7857,785739,7857396
village_list,purbo jainkathi,789527422,78,7895,789527,7895274
village_list,Nayer Char,789734822,78,7897,789734,7897348
village_list,Uttar Char Bestain,789734101,78,7897,789734,7897341
village_list,Uttar purbo Kukua,040987827,04,0409,040987,0409878
village_list,Birajala,789567425,78,7895,789567,7895674
village_list,Moddho Dakkin Baro Char Kazol,785739309,78,7857,785739,7857393
village_list,Purba Badura,789510817,78,7895,789510,7895108
village_list,Khantakhali,785711926,78,7857,785711,7857119
village_list,Dakkin Kazirhowla,789783205,78,7897,789783,7897832
village_list,Dokhin Badura,789510926,78,7895,789510,7895109
village_list,Paschim Majhgram,785750421,78,7857,785750,7857504
village_list,Moddho Paschim Baro Charkazol,785739307,78,7857,785739,7857393
village_list,Purbo hetalia,789533214,78,7895,789533,7895332
village_list,Gainkhali,789744410,78,7897,789744,7897444
village_list,Modho Kalibari,040963917,04,0409,040963,0409639
village_list,Maddhagram Bibir howla,789732708,78,7897,789732,7897327
village_list,Horidrakhali,789744411,78,7897,789744,7897444
village_list,Purbo Kalibari,040963916,04,0409,040963,0409639
village_list,Paschim-Daskhin Char Chandrailer,785769504,78,7857,785769,7857695
village_list,Uttar Khekuani,040963510,04,0409,040963,0409635
village_list,Modho Ballabpur ,789533213,78,7895,789533,7895332
village_list,Panchim Purbo Auliapur,789510411,78,7895,789510,7895104
village_list,Ramdula,785711513,78,7857,785711,7857115
village_list,Bara Chatra,785755319,78,7857,785755,7857553
village_list,Paschim Uttar Char Biswas-4,785737412,78,7857,785737,7857374
village_list,Uttar Bahalgasia,789533504,78,7895,789533,7895335
village_list,Purbo Paksha,785767625,78,7857,785767,7857676
village_list,Purbo Cunakhali,040987401,04,0409,040987,0409874
village_list,Purbo Krishno nagar,040987825,04,0409,040987,0409878
village_list,Modho Sakharia,040923103,04,0409,040923,0409231
village_list,Moddho Uttar Char Biswas-2,785737205,78,7857,785737,7857372
village_list,Purbo Artkhali,785755724,78,7857,785755,7857557
village_list,Purbo Char Montaz,789734721,78,7897,789734,7897347
village_list,Panchim Raibala,040987214,04,0409,040987,0409872
village_list,Modho gojkhali,040963825,04,0409,040963,0409638
village_list,Dokhin Botolebunia,789567224,78,7895,789567,7895672
village_list, Paschim Tulatali,785778619,78,7857,785778,7857786
village_list,Panchim Sharik Khali,789533824,78,7895,789533,7895338
village_list,Pearpur ,789513110,78,7895,789513,7895131
village_list,Uttar Ichadi,785769719,78,7857,785769,7857697
village_list,Purbo Gerakhali,789567907,78,7895,789567,7895679
village_list,Uttar-Paschim Pankhali,785750814,78,7857,785750,7857508
village_list,Coto Bighai,789513524,78,7895,789513,7895135
village_list,Tilla,789744513,78,7897,789744,7897445
village_list,Fakirchaolan ,040923204,04,0409,040923,0409232
village_list,Gojkhali,040963715,04,0409,040963,0409637
village_list,Paschim Atkhali,785755613,78,7857,785755,7857556
village_list,Purbo Sharik Khali,789533925,78,7895,789533,7895339
village_list,Daskhin-Purbo Artkhali,785755615,78,7857,785755,7857556
village_list,Vajna,789513214,78,7895,789513,7895132
village_list,Purbo Dokhin Mohiskata,040987403,04,0409,040987,0409874
village_list,Kumarkhali,789513522,78,7895,789513,7895135
village_list,Chhotra Chatra,785755321,78,7857,785755,7857553
village_list,Purbo-Daskhin Charkhali,785767408,78,7857,785767,7857674
village_list,Simlabunia,789510205,78,7895,789510,7895102
village_list,Uttar Chiknikandi,785750112,78,7857,785750,7857501
village_list,Uttar Thainga,789527211,78,7895,789527,7895272
village_list,Pashuribunia,789783307,78,7897,789783,7897833
village_list,Moddho Choto Sheba,785739618,78,7857,785739,7857396
village_list,Purboratandi2,785767305,78,7857,785767,7857673
village_list, Bainbunia,040963714,04,0409,040963,0409637
village_list,Purbo Gazalia,785769110,78,7857,785769,7857691
village_list,Purbo Khekuani,040963512,04,0409,040963,0409635
village_list,Paschim Pksha,785767626,78,7857,785767,7857676
village_list,Dokhin Thaingai ,789527210,78,7895,789527,7895272
village_list,Daskhin - Uttar Ichadi,785769607,78,7857,785769,7857696
village_list,Panchim keyabunia,789531727,78,7895,789531,7895317
village_list,Kazikanda,785778202,78,7857,785778,7857782
village_list,Purba Ratandi,785767202,78,7857,785767,7857672
village_list,Purbo Majhgram,785750419,78,7857,785750,7857504
village_list, Uttar Amragachia,040987621,04,0409,040987,0409876
village_list,Maddha Gazalia,785769111,78,7857,785769,7857691
village_list,Uttar Chaliatbunia,789732205,78,7897,789732,7897322
village_list,Paschil Geramarddan,785778415,78,7857,785778,7857784
village_list,Morichbunia,789574618,78,7895,789574,7895746
village_list,Nundipara ,789567119,78,7895,789567,7895671
village_list,Uttar Choto Kazol,785739411,78,7857,785739,7857394
village_list,Hazikhali,789567618,78,7895,789567,7895676
village_list,Balar Char,785739513,78,7857,785739,7857395
village_list,Panchim Kalagachia,040963324,04,0409,040963,0409633
village_list,Char Madarbunia,789783927,78,7897,789783,7897839
village_list,Purbo Kapalbera,785739824,78,7857,785739,7857398
village_list,Dhakkin Kapalber,785739822,78,7857,785739,7857398
village_list,Borunbaria ,789574204,78,7895,789574,7895742
village_list,Uttar kawabunia,040987110,04,0409,040987,0409871
village_list,Uttar Purbo Kalagachia,040963219,04,0409,040963,0409632
village_list,Shehakathi,789527816,78,7895,789527,7895278
village_list,Dhakkhin Purbo Char Montaz,789734823,78,7897,789734,7897348
village_list,Uttar Char Kapalbera,785739925,78,7857,785739,7857399
village_list,Dokhin Sharik Khali,789533822,78,7895,789533,7895338
village_list,Moddho Uttar Baro Char Kazol,785739308,78,7857,785739,7857393
village_list,Katuratalluk ,789527704,78,7895,789527,7895277
village_list,Maddho Char Bestain,789734102,78,7897,789734,7897341
village_list,Daskhin Gazalia,785769215,78,7857,785769,7857692
village_list,Goruvanga,789732101,78,7897,789732,7897321
village_list,Daskhin Khurida,785778823,78,7857,785778,7857788
village_list,Moddho Uttar Char Biswas-3,785737308,78,7857,785737,7857373
village_list,Daskhin Bahir Gazalia,785769316,78,7857,785769,7857693
village_list,Uttor Jugir howla,789783617,78,7897,789783,7897836
village_list,Moddho Sheba Uttar,785739514,78,7857,785739,7857395
village_list,Charlata Abasan,789732514,78,7897,789732,7897325
village_list,Moddho Dhakkin Char Biswas,785737514,78,7857,785737,7857375
village_list,Panchim Sonakhali,040923721,04,0409,040923,0409237
village_list,Enduria Balaikati,785711204,78,7857,785711,7857112
village_list,Purbo kawabunia,040987215,04,0409,040987,0409872
village_list,Horidrabaria,040963323,04,0409,040963,0409633
village_list,Patukhali,789531307,78,7895,789531,7895313
village_list,Panchim Bahalgasia,789533608,78,7895,789533,7895336
village_list,Darbhanga,789734411,78,7897,789734,7897344
village_list,Purbo Raibala,040987213,04,0409,040987,0409872
village_list,Dhakkin Char Biswas,785737616,78,7857,785737,7857376
village_list,14 Ghar Morichbunia,789574412,78,7895,789574,7895744
village_list,Paschim Char Agosti,785737927,78,7857,785737,7857379
village_list,Modho Kukua,040987724,04,0409,040987,0409877
village_list,Daskhin-Purbo Gazalia,785769213,78,7857,785769,7857692
village_list,Purbo Sharik Khali,789533823,78,7895,789533,7895338
village_list,Dhakkin Agosti,785737823,78,7857,785737,7857378
village_list,Panchim Shehakathi,789527908,78,7895,789527,7895279
village_list,Matibhanga,785767121,78,7857,785767,7857671
village_list,Panchim khakdan,040987317,04,0409,040987,0409873
village_list,Uttar Bhangra,785711719,78,7857,785711,7857117
village_list,Gerabunia ,040923410,04,0409,040923,0409234
village_list,Paschim Char Montaz,789734719,78,7897,789734,7897347
village_list,Purbo Baro Char Kazol,785739103,78,7857,785739,7857391
village_list,Uttar gojkhali,040963826,04,0409,040963,0409638
village_list,Uttar Maddah Goalbunia,789732926,78,7897,789732,7897329
village_list,Golbunia ,040923719,04,0409,040923,0409237
village_list,Purbo Boalia,785767813,78,7857,785767,7857678
village_list,Musurikathi,785711721,78,7857,785711,7857117
village_list,Modho Gulishakhali,040963103,04,0409,040963,0409631
village_list,Char Emarson,789744102,78,7897,789744,7897441
village_list,Paschim Gazalia,785769112,78,7857,785769,7857691
village_list,Modho Charabunia ,789567515,78,7895,789567,7895675
village_list,Dhakkin Char Kapalbera,785739926,78,7857,785739,7857399
village_list,Modho Pasuribunia,789533720,78,7895,789533,7895337
village_list,Panchim Morichbunia,789574617,78,7895,789574,7895746
village_list,Purbo Kisnawpur,785755827,78,7857,785755,7857558
village_list,Panchim Badura,789510927,78,7895,789510,7895109
village_list,Daskhin Amkhola,785711309,78,7857,785711,7857113
village_list,Dakkin Choto Kazol,785739410,78,7857,785739,7857394
village_list,Modho Purbo Kukua,040987826,04,0409,040987,0409878
village_list, Chamta,789527314,78,7895,789527,7895273
village_list, Uttar Kalai Kishore,785711411,78,7857,785711,7857114
village_list,Purbo Botolebunia,789567223,78,7895,789567,7895672
village_list, Uttar Char Biswas-2,785737204,78,7857,785737,7857372
village_list,Panpatty Hundupara,785778112,78,7857,785778,7857781
village_list,Daskhin Kachua,785750627,78,7857,785750,7857506
village_list,Jugipura,785778516,78,7857,785778,7857785
village_list,Purbo Dokhin Hartokibari,789513805,78,7895,789513,7895138
village_list,Uttar Char Amkhola,785711103,78,7857,785711,7857111
village_list,Titkata,789531813,78,7895,789531,7895318
village_list,Dibuapur,789533401,78,7895,789533,7895334
village_list,Panchim Sonakhali,040923515,04,0409,040923,0409235
village_list,Charlat Kheaghat,789732513,78,7897,789732,7897325
village_list,Paschim Baro Char Kazol,785739206,78,7857,785739,7857392
village_list,Maddha Char Chandrailer,785769505,78,7857,785769,7857695
village_list,Dokhin Coto Bighai,789513702,78,7895,789513,7895137
village_list,Panchim Bahalgasia,789533505,78,7895,789533,7895335
village_list,Botolebunia,789567222,78,7895,789567,7895672
village_list,Modho Shehakathi,789527818,78,7895,789527,7895278
village_list,Maddho Char Laxmi,789734308,78,7897,789734,7897343
village_list,Char Madarbunia,789783824,78,7897,789783,7897838
village_list,Passim Chatlakhali,789744927,78,7897,789744,7897449
village_list,Purbo Char Laxmi,789734309,78,7897,789734,7897343
village_list,Purba Choto Auliapur ,789510623,78,7895,789510,7895106
village_list,Purbo Mathivanga ,789513318,78,7895,789513,7895133
village_list,Daskhin Banshbunia,785711515,78,7857,785711,7857115
village_list,Chokidar Para,789732102,78,7897,789732,7897321
village_list,Maddah Ichadi,785769720,78,7857,785769,7857697
village_list,Nijsuhari,785711618,78,7857,785711,7857116
village_list,Uttar Charkhali,785767306,78,7857,785767,7857673
village_list,Purba Morichbunia,789574514,78,7895,789574,7895745
village_list,Coto Bighai,789513625,78,7895,789513,7895136
village_list,Chitnakhali,789510818,78,7895,789510,7895108
village_list,Passim Vuyyar howla,789744307,78,7897,789744,7897443
village_list,Uttar Horimirtunjoy,040987909,04,0409,040987,0409879
village_list,Uttar Char Agosti,785737926,78,7857,785737,7857379
village_list,Chaola,040923309,04,0409,040923,0409233
village_list,Dakhin Barunbaria,789574205,78,7895,789574,7895742
village_list,Bauria Chariani,785711925,78,7857,785711,7857119
village_list,Bashtala,785778708,78,7857,785778,7857787
village_list,Uttar Bibirhaola,789732707,78,7897,789732,7897327
village_list,Uttar Siman Kortkhali,785750523,78,7857,785750,7857505
village_list,19 no Rangabali,789783308,78,7897,789783,7897833
village_list,Moddho Sheba Dakkin,785739515,78,7857,785739,7857395
village_list,Paschin foolkhali,785755918,78,7857,785755,7857559
village_list,Purbo Boalia,785767916,78,7857,785767,7857679
village_list,Dokhin Mohiskata,040987402,04,0409,040987,0409874
village_list,Uttar Badura,789510715,78,7895,789510,7895107
village_list,Moddho Uttar Char Biswas-1,785737102,78,7857,785737,7857371
village_list,Char Madarbunia,789783102,78,7897,789783,7897831
village_list,Modho Morichbunia,789574515,78,7895,789574,7895745
village_list,Porchim Gazipur,040923926,04,0409,040923,0409239
village_list,Uttar Maddha Bibir Bowla,789732823,78,7897,789732,7897328
village_list,Hapua Khali,789783412,78,7897,789783,7897834
village_list, Uttar Bazargona,789574719,78,7895,789574,7895747
village_list,Baro Ghor Pokkhia,789567909,78,7895,789567,7895679
village_list,Godanga ,040923618,04,0409,040923,0409236
village_list,Cunakhali Bazar,040987505,04,0409,040987,0409875
village_list,Uttar Bibirhaola,789732824,78,7897,789732,7897328
village_list,Tamespal,040923308,04,0409,040923,0409233
village_list,Dokhin Horimirtunjoy,040987907,04,0409,040987,0409879
village_list, Balaikati Psachil Amkhola,785711205,78,7857,785711,7857112
village_list,Paschim Char Montaz,789734412,78,7897,789734,7897344
village_list,Uttor Filkhali,789744822,78,7897,789744,7897448
village_list,Fatullah,789510103,78,7895,789510,7895101
village_list,Chowha katabon,789783411,78,7897,789783,7897834
village_list, Dharmonarayan,040923205,04,0409,040923,0409232
village_list,Modho Chalitabunia,040923412,04,0409,040923,0409234
village_list,Panchim Ballabpur,789533112,78,7895,789533,7895331
village_list,Daskhin Perdakua,785755206,78,7857,785755,7857552
village_list,Uttar Gerakhali,789567805,78,7895,789567,7895678
village_list,Uttar Badura,789510816,78,7895,789510,7895108
village_list,Uttar Mathivanga,789513523,78,7895,789513,7895135
village_list,Dorikata,040923822,04,0409,040923,0409238
village_list,Purbo Jainkathi ,789527501,78,7895,789527,7895275
village_list,Paschim Sutabaria,785750201,78,7857,785750,7857502
village_list,Purbo Chiknikandi,785750110,78,7857,785750,7857501
village_list,Howladarpara,789732103,78,7897,789732,7897321
village_list,Uttar keyabunia,789531624,78,7895,789531,7895316
village_list,Dakkhin Gulshakhali,040963102,04,0409,040963,0409631
village_list,Purbo Paksha,785767710,78,7857,785767,7857677
village_list,Choto Bazarghona,789574720,78,7895,789574,7895747
village_list,Daskhin Chinabunia,789732515,78,7897,789732,7897325
village_list,Purbo hetalia,789533318,78,7895,789533,7895333
village_list,Paschim Hoglabunia,785755407,78,7857,785755,7857554
village_list,Dakhin Morichbunia,789574616,78,7895,789574,7895746
village_list,Uttar Pakshia,785767711,78,7857,785767,7857677
village_list,Char Bangla,785737925,78,7857,785737,7857379
village_list,Paschim Boalia,785767815,78,7857,785767,7857678
village_list,Uttar Bazarghona,789574823,78,7895,789574,7895748
village_list,Koralia,789744617,78,7897,789744,7897446
village_list,Dokhin Khekuani,040963511,04,0409,040963,0409635
village_list,Calitabunia ,789567701,78,7895,789567,7895677
village_list,Gandadula,789783719,78,7897,789783,7897837
village_list,Gorabala ,785767523,78,7857,785767,7857675
village_list,Guabaria,789574102,78,7895,789574,7895741
village_list,Daskhin Dari Baherchar,785711101,78,7857,785711,7857111
village_list,Char Maiya,785737617,78,7857,785737,7857376
village_list,Vutumia,789513316,78,7895,789513,7895133
village_list,Fakirkhali ,040963827,04,0409,040963,0409638
village_list,Moddho Baro Sheba,785739719,78,7857,785739,7857397
village_list,Purbo Haridebpur,785769926,78,7857,785769,7857699
village_list,Purbo-Uttar  Sutabaria,785750203,78,7857,785750,7857502
village_list,Modho kawabunia,040987111,04,0409,040987,0409871
village_list,Uttar-Daskhi Ichadi,785769721,78,7857,785769,7857697
village_list,Panchim Tuskhali ,789513213,78,7895,789513,7895132
village_list,Uttar khakdan,040987318,04,0409,040987,0409873
village_list,Uttar jainkathi,789527424,78,7895,789527,7895274
village_list,Passim Kawkhali,789744205,78,7897,789744,7897442
village_list,Modho Choto Auliapur,789510624,78,7895,789510,7895106
village_list,Modho Bahalgasia,789533506,78,7895,789533,7895335
village_list,Purbo Hogolbunia,785755409,78,7857,785755,7857554
village_list,Maddha Foolkhali,785755917,78,7857,785755,7857559
village_list,Char Tojammel,789744720,78,7897,789744,7897447
village_list,Uttor Vhanguni,789744721,78,7897,789744,7897447
village_list,Dokhin khakdan,040987316,04,0409,040987,0409873
village_list,Joymanik,785778304,78,7857,785778,7857783
village_list,Golbunia,040923102,04,0409,040923,0409231
village_list,Maddah Chhailabunia,785711617,78,7857,785711,7857116
village_list,Dakshin Pakshia,785767712,78,7857,785767,7857677
village_list, Purbo Titkata,789531916,78,7895,789531,7895319
village_list,Uttar Char Montaz,789734513,78,7897,789734,7897345
village_list,Porchim Mathivanga,789513627,78,7895,789513,7895136
village_list,Sener Howla,789783410,78,7897,789783,7897834
village_list,Purbo Kalaraja,785750909,78,7857,785750,7857509
village_list,Purbo Modho hetalia,789533317,78,7895,789533,7895333
village_list,Purbo Char Unda,789734927,78,7897,789734,7897349
village_list,Modho Kalagachia,040963221,04,0409,040963,0409632
village_list,Purbo jainkathi,789527121,78,7895,789527,7895271
village_list,Dokhin Hazikhali,789567617,78,7895,789567,7895676
village_list,Maddha Artkhali,785755614,78,7857,785755,7857556
village_list,Kuralia,789567312,78,7895,789567,7895673
village_list,Paschim Kalai Kishor,785711412,78,7857,785711,7857114
village_list,Dokin Boro Auliapur,789510101,78,7895,789510,7895101
village_list,Patukhali,789574925,78,7895,789574,7895749
village_list,Paschim Dhakkin Baro Char Kazol,785739204,78,7857,785739,7857392
village_list,Paschim Uttar Char Laxmi,789734307,78,7897,789734,7897343
village_list,Purbo Angulkata,040963406,04,0409,040963,0409634
village_list,Purbo Sonakhali,040923513,04,0409,040923,0409235
village_list,Pamischim Char Laxmi,789734204,78,7897,789734,7897342
village_list,Panchim Mathivanga,789513419,78,7895,789513,7895134
village_list,Uttar Gupterhaola,785778822,78,7857,785778,7857788
village_list,Uttar Posurbunia,789531520,78,7895,789531,7895315
village_list,Modho Sonakhali,040923514,04,0409,040923,0409235
village_list,Mridhakanda,789574927,78,7895,789574,7895749
village_list,Uttar Boalia,785767522,78,7857,785767,7857675
village_list,Maddha Kishnapu,785755826,78,7857,785755,7857558
village_list,Uttar Maddha Chalitabunia,789732320,78,7897,789732,7897323
village_list,Daskhin Goalbunia,789732925,78,7897,789732,7897329
village_list,Moddo Kawkhali,789744206,78,7897,789744,7897442
village_list,Dokhin Tuskhali,789513112,78,7895,789513,7895131
village_list,Panchim Atharogachia ,040923824,04,0409,040923,0409238
village_list,Dokhin Dibuapur,789533402,78,7895,789533,7895334
village_list,Paschim Ratneshwar,785778306,78,7857,785778,7857783
village_list,Moddho Char Unda,789734926,78,7897,789734,7897349
village_list,Uttar Sharik Khali,789533927,78,7895,789533,7895339
village_list,Dhakkin Uttar Char Biswas-2,785737206,78,7857,785737,7857372
village_list,Uttar Barobaghai,789531102,78,7895,789531,7895311
village_list,Modho Gerakhali Khorakandi,789567806,78,7895,789567,7895678
village_list,DakhinBalaikathi,789510713,78,7895,789510,7895107
village_list,Uttar Shehakathi,789527909,78,7895,789527,7895279
village_list,keyabunia,789531725,78,7895,789531,7895317
village_list,Shajir Howla,789744616,78,7897,789744,7897446
village_list,Dakshin Kalikapur,785767201,78,7857,785767,7857672
village_list,Uttar Purbo Kalaraja,785750908,78,7857,785750,7857509
village_list,Uttarhazikhali,789567311,78,7895,789567,7895673
village_list,Moddho Char Kapalbera ,785739927,78,7857,785739,7857399
village_list,Dokhin Barobaghai,789531309,78,7895,789531,7895313
village_list,Paschim Dakua,785755511,78,7857,785755,7857555
village_list,Dokhin Ballabpur (Bosakbazar),789533110,78,7895,789533,7895331
village_list,Chaltabunia,789513703,78,7895,789513,7895137
village_list,Uttar Charkhali,785767409,78,7857,785767,7857674
village_list,Moddho Purbo Agosti,785737822,78,7857,785737,7857378
village_list,Kanchanbaria,785711927,78,7857,785711,7857119
village_list,Neta,789783823,78,7897,789783,7897838
village_list,Uttar Char Agosti,785737719,78,7857,785737,7857377
village_list,Boro Bazarghona,789574721,78,7895,789574,7895747
village_list,Khashaola,789510307,78,7895,789510,7895103
village_list,Purbo Titkata,789531814,78,7895,789531,7895318
village_list,Panchim Kalagachia,040963220,04,0409,040963,0409632
village_list,Hartokibaria,789513909,78,7895,789513,7895139
village_list,Dokhin Pasuribunia,789533721,78,7895,789533,7895337
village_list,Dakshin Char Chandrailer,785769401,78,7857,785769,7857694
village_list,Maddah Goalbunia,789732927,78,7897,789732,7897329
village_list,Moddho Paschim Char Montaz,789734720,78,7897,789734,7897347
village_list,Purbo Boro Sheba,785739721,78,7857,785739,7857397
village_list,Purbo Tulatali,785778621,78,7857,785778,7857786
village_list,Daskhin Charlata,789732616,78,7897,789732,7897326
village_list,C keyabunia,789531726,78,7895,789531,7895317
village_list,Purbo Sutabaria,785750202,78,7857,785750,7857502
village_list,Dokhin keyabunia,789531623,78,7895,789531,7895316
village_list,Daskhin Gupterhaola,785778824,78,7857,785778,7857788
village_list,Uttar Paschim Char Montaz,789734616,78,7897,789734,7897346
village_list,Dakshin Charkhali,785767407,78,7857,785767,7857674
village_list,Jorkhali,789531103,78,7895,789531,7895311
village_list,Purbo Amkhola,785711307,78,7857,785711,7857113
village_list,Uttar Morichbunia,789574411,78,7895,789574,7895744
village_list,Dkhin Angulkata,040963405,04,0409,040963,0409634
village_list,Dokhin jainkathi,789527423,78,7895,789527,7895274
village_list, Dokhin Purbo Titkata,789531917,78,7895,789531,7895319
village_list,Dokhin Choto Auliapur ,789510622,78,7895,789510,7895106
village_list, Uttar Jainkathi,789527503,78,7895,789527,7895275
village_list,Daskhin Maddha Chalitabunia,789732319,78,7897,789732,7897323
village_list,Dakkin Jugir howla,789783616,78,7897,789783,7897836
village_list,Dakshin Sutabaria,785750306,78,7857,785750,7857503
village_list,Uttar Dakua,785755510,78,7857,785755,7857555
village_list,Daskhi Baro Chatra,785755320,78,7857,785755,7857553
village_list, Uttar Chhailabunia,785711616,78,7857,785711,7857116
village_list,Tafalbaria,789574309,78,7895,789574,7895743
village_list,Maddha Sutabaria,785750304,78,7857,785750,7857503
village_list,Porbo Vuyyar howla,789744308,78,7897,789744,7897443
village_list,Daskhi n-Paschim Chalitabunia,789732321,78,7897,789732,7897323
village_list,Fedainagar,789527705,78,7895,789527,7895277
village_list,Maddah Dari Baherchar,785711102,78,7857,785711,7857111
village_list,Purba Pardakua,785755102,78,7857,785755,7857551
village_list,Khorda Maderbunia,789567120,78,7895,789567,7895671
village_list,Purbo Ballabpur ,789533215,78,7895,789533,7895332
village_list,Uttar Majhgram,785750420,78,7857,785750,7857504
village_list,Dokhin Gazipur,040923927,04,0409,040923,0409239
village_list,Modho Sharik Khali,789533926,78,7895,789533,7895339
village_list,Dokhin Auliapur,789510309,78,7895,789510,7895103
village_list,Daskhin Bibirhaola,785778926,78,7857,785778,7857789
village_list,Purbo Tuskhali,789513111,78,7895,789513,7895131
village_list,Vhanguni,789744618,78,7897,789744,7897446
village_list,Paschim Maddho Char Laxmi,789734205,78,7897,789734,7897342
village_list,Daskhin Phulkhali,785755916,78,7857,785755,7857559
village_list,Babur Howla,789783618,78,7897,789783,7897836
village_list,Uttar Chinabunia,789732410,78,7897,789732,7897324
village_list,Purbo keyabunia,789531622,78,7895,789531,7895316
village_list,Tuskhali,789513317,78,7895,789513,7895133
village_list,Charabunia ,789567513,78,7895,789567,7895675
village_list,Gorabala ,785767203,78,7857,785767,7857672
village_list, Uttar Purbo Amjadia,040963918,04,0409,040963,0409639
village_list,Majhikanda ,785778111,78,7857,785778,7857781
village_list,Panchim Dibuapur,789533403,78,7895,789533,7895334
village_list,Purbo Pasuribunia,789533719,78,7895,789533,7895337
village_list,Dokhin Dalachara,040963609,04,0409,040963,0409636
village_list,Dokhin Posurbunia,789531521,78,7895,789531,7895315
village_list,Uttar- Daskhin Haridebpur,785769927,78,7857,785769,7857699
village_list,Bazarghona,789574824,78,7895,789574,7895748
village_list,Modho Nundipara ,789567121,78,7895,789567,7895671
village_list,Uttar Pardakua,785755204,78,7857,785755,7857552
village_list,Dakkin Fulkhali,789744824,78,7897,789744,7897448
village_list,Uttar Morichbunia,789574513,78,7895,789574,7895745
village_list,Moddo Vuyyar howla,789744309,78,7897,789744,7897443
village_list,Moderbunia,789567310,78,7895,789567,7895673
village_list,Samuda bath,789783513,78,7897,789783,7897835
village_list,Purbo Dhakkin Char Biswas,785737513,78,7857,785737,7857375
village_list,Cunakhali Bridge,040987504,04,0409,040987,0409875
village_list,Naya Vhanguni,789744719,78,7897,789744,7897447
village_list,Porchim Gerakhali,789567804,78,7895,789567,7895678
village_list,Modho Titkata,789531815,78,7895,789531,7895318
village_list,Uttar Hogolbunia,785755408,78,7857,785755,7857554
village_list,Modho Hazikhali,789567616,78,7895,789567,7895676
village_list,Paschim Pardakua,785755205,78,7857,785755,7857552
village_list,Uttar Nayer Char,789734824,78,7897,789734,7897348
village_list,Maddha kachua,785750625,78,7857,785750,7857506
village_list,Maddha Kalikapur,785767120,78,7857,785767,7857671
village_list,Panchim Hartokibaria,789513907,78,7895,789513,7895139
village_list,Nalbunia Ghija,785778518,78,7857,785778,7857785
village_list,Daskhin Bibihowla,789732709,78,7897,789732,7897327
village_list,Paschim Uttar Baro Char Kazol,785739205,78,7857,785739,7857392
village_list, Shangkarpur,789567514,78,7895,789567,7895675
village_list,Fultola,789513421,78,7895,789513,7895134
village_list,Hindupara Maddha Artkhali,785755723,78,7857,785755,7857557
village_list,Dokhin Shehakathi,789527907,78,7895,789527,7895279
village_list,Amlibaria,789783925,78,7897,789783,7897839
village_list,Daskhin Chalitabunia,789732206,78,7897,789732,7897322
village_list,Dhakkin Uttar Char Biswas-3,785737309,78,7857,785737,7857373
village_list,Banik Bari,789510412,78,7895,789510,7895104
village_list,Uttar Kapabera,785739823,78,7857,785739,7857398
village_list,Porchim Kukua,040987722,04,0409,040987,0409877
village_list,Daskhin Marajangi,789732617,78,7897,789732,7897326
village_list,Dhakkin Purbo Char Agosti,785737721,78,7857,785737,7857377
village_list,Maddha Haridebpur,785769824,78,7857,785769,7857698
village_list,Uttar Dalachara,040963607,04,0409,040963,0409636
village_list,Panchim Coto Bighai,789513626,78,7895,789513,7895136
village_list,Maddha Kalai Kishor,785711410,78,7857,785711,7857114
village_list,Ichadi Char,785769608,78,7857,785769,7857696
village_list,Dokhin Pochakoralia,789510308,78,7895,789510,7895103
village_list,Muradnagar,785767524,78,7857,785767,7857675
village_list,Uttar Amkhola,785711206,78,7857,785711,7857112
village_list,Porbo Chatlakhali,789744926,78,7897,789744,7897449
village_list,Dokhin Gerakhali,789567908,78,7895,789567,7895679
village_list,NA,789510102,78,7895,789510,7895101
village_list,Potkabunia,789531205,78,7895,789531,7895312
village_list,Gol Tilla,789744514,78,7897,789744,7897445
village_list,Dokhin Hetalia ,789533316,78,7895,789533,7895333
